id,user_id,department_id,full_name,email,is_active
1,1001,1,YZVM Hoca 01,hoca1@case.local,1
2,1002,1,YZVM Hoca 02,hoca2@case.local,1
3,1003,1,YZVM Hoca 03,hoca3@case.local,1
4,1004,1,YZVM Hoca 04,hoca4@case.local,1
5,1005,1,YZVM Hoca 05,hoca5@case.local,1
6,1006,1,YZVM Hoca 06,hoca6@case.local,1
7,1007,1,YZVM Hoca 07,hoca7@case.local,1
8,1008,1,YZVM Hoca 08,hoca8@case.local,1
9,1009,1,YZVM Hoca 09,hoca9@case.local,1
10,1010,1,YZVM Hoca 10,hoca10@case.local,1
11,1011,1,YZVM Hoca 11,hoca11@case.local,1
12,1012,1,YZVM Hoca 12,hoca12@case.local,1
13,1013,1,YZVM Hoca 13,hoca13@case.local,1
14,1014,1,YZVM Hoca 14,hoca14@case.local,1
15,1015,1,YZVM Hoca 15,hoca15@case.local,1
16,1016,1,YZVM Hoca 16,hoca16@case.local,1
17,1017,1,YZVM Hoca 17,hoca17@case.local,1
18,1018,1,YZVM Hoca 18,hoca18@case.local,1
19,1019,1,YZVM Hoca 19,hoca19@case.local,1
20,1020,1,YZVM Hoca 20,hoca20@case.local,1
21,1021,1,YZVM Hoca 21,hoca21@case.local,1
22,1022,1,YZVM Hoca 22,hoca22@case.local,1
23,1023,1,YZVM Hoca 23,hoca23@case.local,1
24,1024,1,YZVM Hoca 24,hoca24@case.local,1
25,1025,1,YZVM Hoca 25,hoca25@case.local,1
26,1026,1,YZVM Hoca 26,hoca26@case.local,1
27,1027,1,YZVM Hoca 27,hoca27@case.local,1
28,1028,1,YZVM Hoca 28,hoca28@case.local,1
29,1029,1,YZVM Hoca 29,hoca29@case.local,1
30,1030,1,YZVM Hoca 30,hoca30@case.local,1
31,1031,1,YZVM Hoca 31,hoca31@case.local,1
32,1032,1,YZVM Hoca 32,hoca32@case.local,1
33,1033,1,YZVM Hoca 33,hoca33@case.local,1
34,1034,1,YZVM Hoca 34,hoca34@case.local,1
35,1035,1,YZVM Hoca 35,hoca35@case.local,1
36,1036,1,YZVM Hoca 36,hoca36@case.local,1
37,1037,1,YZVM Hoca 37,hoca37@case.local,1
38,1038,1,YZVM Hoca 38,hoca38@case.local,1
39,1039,1,YZVM Hoca 39,hoca39@case.local,1
40,1040,1,YZVM Hoca 40,hoca40@case.local,1
41,1041,1,YZVM Hoca 41,hoca41@case.local,1
42,1042,1,YZVM Hoca 42,hoca42@case.local,1
43,1043,1,YZVM Hoca 43,hoca43@case.local,1
44,1044,1,YZVM Hoca 44,hoca44@case.local,1
45,1045,1,YZVM Hoca 45,hoca45@case.local,1
46,1046,1,YZVM Hoca 46,hoca46@case.local,1
47,1047,1,YZVM Hoca 47,hoca47@case.local,1
48,1048,1,YZVM Hoca 48,hoca48@case.local,1
49,1049,1,YZVM Hoca 49,hoca49@case.local,1
50,1050,1,YZVM Hoca 50,hoca50@case.local,1
